{
    "action": {
        "min": [
            -6.434666633605957,
            -98.13111114501953,
            68.44000244140625,
            -20.881000518798828,
            -62.5507698059082,
            -30.959999084472656,
            0.0
        ],
        "max": [
            5.446666717529297,
            3.2211110591888428,
            100.0,
            1.652999997138977,
            14.366153717041016,
            -11.117391586303711,
            100.0
        ],
        "mean": [
            2.8505754470825195,
            -43.42967987060547,
            85.08403778076172,
            -11.398326873779297,
            -27.300321578979492,
            -20.318574905395508,
            33.904632568359375
        ],
        "std": [
            2.5434839725494385,
            39.697792053222656,
            9.146219253540039,
            7.654310703277588,
            25.176403045654297,
            7.242493152618408,
            38.53447723388672
        ],
        "count": [
            300
        ],
        "q01": [
            -6.434666633605957,
            -98.13111114501953,
            68.44000244140625,
            -20.765326182047527,
            -61.62776565551758,
            -30.959999084472656,
            -1.000000013351432e-10
        ],
        "q10": [
            0.04897713661193848,
            -98.13111114501953,
            75.58518981933594,
            -20.730264833995275,
            -59.59203211466471,
            -30.758927663167317,
            -1.000000013351432e-10
        ],
        "q50": [
            2.519106864929199,
            -35.069759368896484,
            85.60232543945312,
            -12.367655754089355,
            -30.307193756103516,
            -22.364181518554688,
            10.1899995803833
        ],
        "q90": [
            5.4458080659429715,
            3.2037391321999684,
            99.99673646071861,
            1.529675917191939,
            2.209646259654652,
            -11.127372799497662,
            99.98695373535156
        ],
        "q99": [
            5.446580852370665,
            3.2193738664899554,
            99.99967364607186,
            1.6507464051246643,
            14.089252471923828,
            -11.118307553804838,
            99.99869537353516
        ]
    },
    "observation.state": {
        "min": [
            -9.462666511535645,
            -100.0,
            68.45764923095703,
            0.5989999771118164,
            -34.283077239990234,
            -32.78260803222656,
            1.029411792755127
        ],
        "max": [
            2.4166667461395264,
            1.340000033378601,
            100.0,
            23.15399932861328,
            42.59077072143555,
            -13.043478012084961,
            99.26470947265625
        ],
        "mean": [
            -0.16485513746738434,
            -45.31930923461914,
            85.16204071044922,
            10.008610725402832,
            1.0053404569625854,
            -22.02906608581543,
            40.119651794433594
        ],
        "std": [
            2.5237395763397217,
            39.887489318847656,
            9.199874877929688,
            7.669648170471191,
            25.12746238708496,
            7.226682662963867,
            34.06404113769531
        ],
        "count": [
            300
        ],
        "q01": [
            -9.462666511535645,
            -100.0,
            68.45764923095703,
            0.6892990919581631,
            -33.49896240234375,
            -32.67552423477173,
            1.029411792755127
        ],
        "q10": [
            -2.9796248884762035,
            -100.0,
            75.08154296875,
            0.6914358808283221,
            -31.392620086669922,
            -32.56942367553711,
            1.029411792755127
        ],
        "q50": [
            -0.41298961639404297,
            -37.088130950927734,
            85.45266723632812,
            9.503714561462402,
            -1.0582008361816406,
            -22.561687469482422,
            33.972800996568466
        ],
        "q90": [
            2.4158081807285905,
            1.2618146623883928,
            99.99679177494373,
            23.028851318359376,
            30.45596136365618,
            -13.045100564826024,
            98.83247375488281
        ],
        "q99": [
            2.416580889598433,
            1.3374656587839127,
            99.99967917749437,
            23.075057983398438,
            42.23714828491211,
            -13.043640267359068,
            99.26274490356445
        ]
    },
    "observation.images.top": {
        "min": [
            [
                [
                    0.0
                ]
            ],
            [
                [
                    0.00784313725490196
                ]
            ],
            [
                [
                    0.0
                ]
            ]
        ],
        "max": [
            [
                [
                    0.9568627450980393
                ]
            ],
            [
                [
                    0.984313725490196
                ]
            ],
            [
                [
                    1.0
                ]
            ]
        ],
        "mean": [
            [
                [
                    0.4542830851522999
                ]
            ],
            [
                [
                    0.4619215054260698
                ]
            ],
            [
                [
                    0.4518158342582316
                ]
            ]
        ],
        "std": [
            [
                [
                    0.0
                ]
            ],
            [
                [
                    0.0
                ]
            ],
            [
                [
                    0.0
                ]
            ]
        ],
        "count": [
            100
        ],
        "q01": [
            [
                [
                    0.054803071979195324
                ]
            ],
            [
                [
                    0.07071765764751495
                ]
            ],
            [
                [
                    0.0589592825978121
                ]
            ]
        ],
        "q10": [
            [
                [
                    0.20011313551031873
                ]
            ],
            [
                [
                    0.2117887843134971
                ]
            ],
            [
                [
                    0.20392554291600354
                ]
            ]
        ],
        "q50": [
            [
                [
                    0.4981316717716754
                ]
            ],
            [
                [
                    0.5216535140901511
                ]
            ],
            [
                [
                    0.5177037446663392
                ]
            ]
        ],
        "q90": [
            [
                [
                    0.6078280521534827
                ]
            ],
            [
                [
                    0.6000509417358679
                ]
            ],
            [
                [
                    0.5998116169647405
                ]
            ]
        ],
        "q99": [
            [
                [
                    0.7098530998261373
                ]
            ],
            [
                [
                    0.6980531087313033
                ]
            ],
            [
                [
                    0.7018960309778931
                ]
            ]
        ]
    },
    "observation.images.wrist": {
        "min": [
            [
                [
                    0.0
                ]
            ],
            [
                [
                    0.0
                ]
            ],
            [
                [
                    0.0
                ]
            ]
        ],